{
  "accuracy": 0.9962962962962963,
  "macro_precision": 0.9963768115942028,
  "macro_recall": 0.9962962962962963
}