{
  "accuracy": 0.6148148148148148,
  "macro_precision": 0.6097941420055267,
  "macro_recall": 0.6148148148148148
}